Abdel-Mohsen M	Wistar	27
Ashare R	Psychatry	18
Awasthi S	ID	11
Azzoni L	Wistar	27
Bar K	ID	11
Bau HH	Engineering	8
Bauermeister J	Nursing	14
Betts M	Micro	12
Bhandoola A	Pathology	16
Bisson GP	ID	11
Blank MB	Psychiatry	19
Blumberg EA	ID	11
Brady KA	PDPH	17
Brawner B	Nursing	14
Bushman F	Micro	12
Cancro M	Pathology	16
Caton A	Wistar	27
Chang KM	GI	10
Chhatre S	Psychiatry	19
Cohen GH	Dental	6
Collman R	Pulmonary	20
Douglas SD	CHOP	4
Dowshen N	CHOP	4
Eisenberg RJ	Dental	6
Eisenlohr L	CHOP	4
Epperson CN	Psychiatry	19
Evans DL	Psychiatry	19
Friedman HM	ID	11
Ghose T	Social Policy	25
Grover S	Rad Onc	21
Hahn BH	Oncology	15
Hahn SM	Rad Onc	21
Hoxie J	Oncology	15
Hunter CA	Vet	26
Jarvis JN	BUP	3
Jemmott J	Annenberg	1
Jemmott L	Nursing	14
Johnson PR	CHOP	4
Jordan-Sciutto K	Dental	6
June CH	Pathology	16
Koenig H	ID	11
Kohler HP	SAS	24
Kohli RM	ID	11
Kolson D	Neurology	13
Kovaric CL	Derm	7
Langleben DD	Psychiatry	19
Lieberman PM	Wistar	27
Liu C	Engineering	8
Lo RE V	ID	11
Lowenthal ED	CHOP	4
Mcguire JL	CHOP	4
Metzger DS	Psychiatry	19
Montaner L	Wistar	27
Moore JH	DEBI	5
Morroni C	BUP	3
O'doherty U	Pathology	16
Obrien CP	Psychiatry	19
Ratcliffe S	DEBI	5
Riley JL	Micro	12
Robertson ES	ENT	9
Rutstein R	CHOP	4
Sawinski D	Renal	22
Schnoll RA	Psychiatry	19
Schulman LN	Oncology	15
Scott PA	Vet	26
Shaw GM	Oncology	15
Shaw PA	DEBI	5
Stallings V	CHOP	4
Steenhoff AP	BUP	3
Stevens R	Nursing	14
Su LF	Rheum	23
Tebas P	ID	11
Teitelman A	Nursing	14
Tomescu C	Wistar	27
Van DUYNE g	Biochem	2
Villarruel A	Nursing	14
Weiner DB	Wistar	27
Weissman D	ID	11
Wherry EJ	Micro	12
Wood S	CHOP	4
Woody GE	Psychiatry	19
Yehia B	ID	11
You J	Micro	12
Yuan Y	Dental	6
Zetola N	BUP	3
